ciência da computação;1 período;LM31A - Lógica Matemática (IC1A_CM)
ciência da computação;1 período;IC31A - INTRODUÇÃO A CIENCIA DA COMPUTAÇÃO (IC1A_CM)
ciência da computação;1 período;GA3X1 - GEOMETRIA ANALÍTICA E ÁLGEBRA LINEAR (IC1A_CM)
ciência da computação;1 período;EP3XA - Ética, Profissão e Cidadania (IC1A_CM)
ciência da computação;1 período;CV31A - COMUNICAÇÃO LINGUISTICA (IC1A_CM)
ciência da computação;1 período;CD3X1 - CALCULO DIFERENCIAL E INTEGRAL 1 (IC1A_CM)
ciência da computação;1 período;BCC31A - ALGORITMOS (IC1B_CM)
ciência da computação;1 período;BCC31A - ALGORITMOS (IC1A_CM)
ciência da computação;2 período;AT31A - Atividades Complementares (IC2A_CM)
ciência da computação;2 período;PB3XA - PROBABILIDADE E ESTATÍSTICA (IC2A_CM)
ciência da computação;2 período;BCC32C - FUNDAMENTOS DE ADMINISTRACAO (IC2A_CM)
ciência da computação;2 período;FS3X3 - FISICA 3 (IC2B_CM)
ciência da computação;2 período;FS3X3 - FISICA 3 (IC2A_CM)
ciência da computação;2 período;BCC32B - Elementos de Lógica Digital
ciência da computação;2 período;BCC32A - ALGORITMOS E ESTRUTURAS DE DADOS 1 (IC2A_CM)
ciência da computação;3 período;BCC33A - Algoritmos E Estruturas De Dados 2 (IC3A_CM)
ciência da computação;3 período;BCC33D - ANALISE E PROJETO ORIENTADO A OBJETOS (IC3B_CM)
ciência da computação;3 período;BCC33A - Algoritmos E Estruturas De Dados 2 (IC3B_CM)
ciência da computação;3 período;BCC33C - INTERACAO HOMEM-COMPUTADOR (IC3A_CM)
ciência da computação;3 período;CN3XA - CALCULO NUMERICO (IC3A_CM)
ciência da computação;3 período;BCC33E - BANCO DE DADOS 1 (IC3B_CM)
ciência da computação;3 período;BCC33E - BANCO DE DADOS 1 (IC3A_CM)
ciência da computação;3 período;BCC33B - ARQUITETURA E ORGANIZACAO DE COMPUTADORES (IC3B_CM)
ciência da computação;3 período;BCC33B - ARQUITETURA E ORGANIZACAO DE COMPUTADORES (IC3A_CM)
ciência da computação;3 período;BCC33D - ANALISE E PROJETO ORIENTADO A OBJETOS (IC3A_CM)
ciência da computação;3 período;BCC33A - ALGORITMOS E ESTRUTURAS DE DADOS 2
ciência da computação;4 período;BCC34A - Analise De Algoritmos (IC4A_CM)
ciência da computação;4 período;BCC34A - Analise De Algoritmos (IC4A)
ciência da computação;4 período;BCC34C - SISTEMAS MICROCONTROLADOS (IC4B_CM)
ciência da computação;4 período;BCC34G - SISTEMAS OPERACIONAIS (IC4A_CM)
ciência da computação;4 período;BCC34C - SISTEMAS MICROCONTROLADOS (IC4A_CM)
ciência da computação;4 período;BCC34D - REDES DE COMPUTADORES 1 (IC4A_CM)
ciência da computação;4 período;BCC34F - PROGRAMACAO DE APLICATIVOS (IC4A_CM)
ciência da computação;4 período;BCC34B - LINGUAGENS FORMAIS, AUTOMATOS E COMPUTABILIDADE (IC4A_CM)
ciência da computação;4 período;BCC34E - BANCO DE DADOS 2 (IC4A_CM)
ciência da computação;5 período;BCC35B - TEORIA DOS GRAFOS (IC5A_CM)
ciência da computação;5 período;BCC35D - REDES DE COMPUTADORES 2 (IC5A_CM)
ciência da computação;5 período;BCC35C - PROJETO INTEGRADOR (IC5A_CM)
ciência da computação;5 período;BCC35A - Linguagens de Programação (IC5A_CM)
ciência da computação;5 período;BCC35G - INTELIGENCIA ARTIFICIAL (IC5A_CM)
ciência da computação;5 período;BCC35E - Engenharia de Software 1 (IC5A_CM)
ciência da computação;5 período;BCC35F - Computação Gráfica (IC5A_CM)
ciência da computação;6 período;BCC36C - SISTEMAS DISTRIBUIDOS (IC6A_CM)
ciência da computação;6 período;BCC36D - SEGURANCA E AUDITORIA DE SISTEMAS (IC6A_CM)
ciência da computação;6 período;BCC36F - Processamento de Imagens (IC6A_CM)
ciência da computação;6 período;BCC36A - METODOLOGIA DE PESQUISA (IC6A_CM)
ciência da computação;6 período;BCC36E - ENGENHARIA DE SOFTWARE 2 (IC6A_CM)
ciência da computação;6 período;BCC36B - Compiladores (IC6A_CM)
ciência da computação;7 período;BCC37C - Trabalho De Conclusão De Curso I (IC71A_CM)
ciência da computação;7 período;BCC37B - Topicos Avancados Em Ciencia Da Computacao 1 (IC7B_CM)
ciência da computação;7 período;BCC37C - TRABALHO DE CONCLUSÃO DE CURSO I (IC7A_CM)
ciência da computação;7 período;BCC37B - TOPICOS AVANCADOS EM CIENCIA DA COMPUTACAO 1 (IC7A_CM)
ciência da computação;8 período;BCC38B - Topicos Avancados Em Ciencia Da Computacao 2 (IC8B_CM)
ciência da computação;8 período;ES38A - Estagio Supervisionado (IC8A_CM)
ciência da computação;8 período;TCC2 - TRABALHO DE CONCLUSÃO DE CURSO (IC8A_CM)
ciência da computação;8 período;LT39C - EMPREENDEDORISMO (IC8A_CM)
ciência da computação;8 período;BCC38B - TOPICOS AVANCADOS EM CIENCIA DA COMPUTACAO 2 (IC8A_CM)
ciência da computação;8 período;BCC38A - EMPREENDEDORISMO (IC8A_CM)
engenharia ambiental;1 período;EA31B - COMPUTAÇÃO I (IF1B_CM)
engenharia ambiental;1 período;EA31G - QUÍMICA (IF1B_CM)
engenharia ambiental;1 período;EA31G - QUÍMICA (IF1A_CM)
engenharia ambiental;1 período;EA31E - INTRODUÇÃO À ENGENHARIA (IF1A_CM)
engenharia ambiental;1 período;EA31D - ECOLOGIA BÁSICA (IF1A_CM)
engenharia ambiental;1 período;EA31B - COMPUTAÇÃO I (IF1A_CM)
engenharia ambiental;1 período;EA31F - MATEMÁTICA I (IF1A_CM)
engenharia ambiental;1 período;EA31C - COMUNICAÇÃO ORAL E ESCRITA (IF1A_CM)
engenharia ambiental;1 período;EA31A - CALCULO DIFERENCIAL E INTEGRAL I (IF1A_CM)
engenharia ambiental;2 período;EA32G - Hidrologia Aplicada (IF2B_CM)
engenharia ambiental;2 período;AT31A - Atividades Complementares (IF2A_CM)
engenharia ambiental;2 período;EA32G - HIDROLOGIA APLICADA (IF2A_CM)
engenharia ambiental;2 período;EA32E - GEOLOGIA E PEDOLOGIA (IF2B_CM)
engenharia ambiental;2 período;EA32E - GEOLOGIA E PEDOLOGIA (IF2A_CM)
engenharia ambiental;2 período;EA32D - ECOSSISTEMAS (IF2B_CM)
engenharia ambiental;2 período;EA32D - ECOSSISTEMAS (IF2A_CM)
engenharia ambiental;2 período;EA32F - MATEMÁTICA II (IF2A_CM)
engenharia ambiental;2 período;EA32C - FISICA I (IF2B_CM)
engenharia ambiental;2 período;EA32C - FISICA I (IF2A_CM)
engenharia ambiental;2 período;EA32A - CALCULO DIFERENCIAL E INTEGRAL II (IF2A_CM)
engenharia ambiental;3 período;EA33A - Desenho Técnico (IF3B_CM)
engenharia ambiental;3 período;EA33G - QUÍMICA ORGÂNICA E BIOQUMICA (IF3B_CM)
engenharia ambiental;3 período;EA33G - QUÍMICA ORGÂNICA E BIOQUMICA (IF3A_CM)
engenharia ambiental;3 período;EA33H - MECÂNICA I (IF3A_CM)
engenharia ambiental;3 período;EA33F - FENÔMENOS DE TRANSPORTE (IF3B_CM)
engenharia ambiental;3 período;EA33F - FENÔMENOS DE TRANSPORTE (IF3A_CM)
engenharia ambiental;3 período;EA33A - DESENHO TÉCNICO (IF3A_CM)
engenharia ambiental;3 período;EA33D - BIOLOGIA GERAL (IF3B_CM)
engenharia ambiental;3 período;EA33D - BIOLOGIA GERAL (IF3A_CM)
engenharia ambiental;3 período;EA33E - METODOLOGIA DE PESQUISA (IF3A_CM)
engenharia ambiental;3 período;EA33C - FISICA II (IF3B_CM)
engenharia ambiental;3 período;EA33C - FISICA II (IF3A_CM)
engenharia ambiental;4 período;EA34G - QUIMICA ANALÍTICA QUANTITATIVA (IF4B_CM)
engenharia ambiental;4 período;EA34G - QUIMICA ANALÍTICA QUANTITATIVA (IF4A_CM)
engenharia ambiental;4 período;EA34E - GEOMORFOLOGIA (IF4A_CM)
engenharia ambiental;4 período;EA34A - CARTOGRAFIA (IF4B_CM)
engenharia ambiental;4 período;EA34A - CARTOGRAFIA (IF4A_CM)
engenharia ambiental;4 período;EA34H - MECÂNICA II (IF4A_CM)
engenharia ambiental;4 período;EA34C - FISICA III (IF4B_CM)
engenharia ambiental;4 período;EA34C - FISICA III (IF4A_CM)
engenharia ambiental;4 período;EA34D - CALCULO NUMERICO (IF4A_CM)
engenharia ambiental;5 período;EA35E - ZOOLOGIA APLICADA (IF5B_CM)
engenharia ambiental;5 período;EA35E - ZOOLOGIA APLICADA (IF5A_CM)
engenharia ambiental;5 período;EA35B - TOPOGRAFIA (IF5A_CM)
engenharia ambiental;5 período;EA35F - RESISTÊNCIA DOS MATERIAIS (IF5A_CM)
engenharia ambiental;5 período;EA35G - LEGISLAÇÃO AMBIENTAL (IF5A_CM)
engenharia ambiental;5 período;EA35A - GEOPROCESSAMENTO (IF5B_CM)
engenharia ambiental;5 período;EA35A - GEOPROCESSAMENTO (IF5A_CM)
engenharia ambiental;5 período;EA35D - ECOLOGIA VEGETAL (IF5A_CM)
engenharia ambiental;5 período;EA35C - PROBABILIDADE E ESTATÍSTICA (IF5A_CM) - Eng. Ambiental
engenharia ambiental;6 período;EA36F - Introdução A Processos Industriais (IF6B_CM)
engenharia ambiental;6 período;EA36B - BIODIVERSIDADE (IF6B_CM)
engenharia ambiental;6 período;EA36G - USO E CONSERVAÇÃO DO SOLO (IF6A_CM)
engenharia ambiental;6 período;EA36C - PRINCÍPIOS DE ELETROTÉCNICA (IF6A_CM)
engenharia ambiental;6 período;EA36F - INTRODUÇÃO A PROCESSOS INDUSTRIAIS (IF6A_CM)
engenharia ambiental;6 período;EA36H - HIDRÁULICA (IF6A_CM)
engenharia ambiental;6 período;EA36A - GESTÃO EMPRESARIAL (IF6A_CM)
engenharia ambiental;6 período;EA36E - ECONOMIA (IF6A_CM)
engenharia ambiental;6 período;EA36D - BIOESTATÍSTICA (IF6B_CM)
engenharia ambiental;6 período;EA36D - BIOESTATÍSTICA (IF6A_CM)
engenharia ambiental;6 período;EA36B - BIODIVERSIDADE (IF6A_CM)
engenharia ambiental;7 período;EA37D - MICROBIOLOGIA AMBIENTAL (IF7B_CM)
engenharia ambiental;7 período;EA37F - SISTEMA DE GESTÃO AMBIENTAL (IF7A_CM)
engenharia ambiental;7 período;EA37D - MICROBIOLOGIA AMBIENTAL (IF7A_CM)
engenharia ambiental;7 período;EA37B - MANEJO DE RECURSOS NATURAIS (IF7B_CM)
engenharia ambiental;7 período;EA37B - MANEJO DE RECURSOS NATURAIS (IF7A_CM)
engenharia ambiental;7 período;EA37H - GESTÃO DE QUALIDADE (IF7A_CM)
engenharia ambiental;7 período;EA37G - GERENCIAMENTO E TRATAMENTO DE EMISSÕES ATMOSFÉRICAS (IF7A_CM)
engenharia ambiental;7 período;EA37C - CONVERSÃO, CONSERVAÇÃO DE ENERGIA E EFICIÊCIA ENERGÉTICA (IF7A_CM)
engenharia ambiental;7 período;EA37A - AVALIAÇÃO DE IMPACTOS AMBIENTAIS (IF7A_CM)
engenharia ambiental;7 período;EA37E - ADMINISTRAÇÃO FINANCEIRA (IF7A_CM)
engenharia ambiental;8 período;EA38A - RECUPERAÇÃO DE ÁREAS DEGRADADAS (IF8A_CM)
engenharia ambiental;8 período;EA38E - GERENCIAMENTO E TRATAMENTO DE ÁGUA (IF8A_CM)
engenharia ambiental;8 período;EA38B - GERENCIAMENTO E TRATAMENTO DE RESÍDUOS SÓLIDOS (IF8A_CM)
engenharia ambiental;8 período;EA38D - FUNDAMENTOS DE ENGENHARIA DE SEGURANÇA DO TRABALHO (IF8A_CM)
engenharia ambiental;8 período;EA38C - FONTES DE ENERGIA (IF8A_CM)
engenharia ambiental;8 período;EA38F - AUDITORIA AMBIENTAL (IF8A_CM)
engenharia ambiental;9 período;EA39B - Bioprocessos E Biotecnologia Aplicada (IF9B_CM)
engenharia ambiental;9 período;LA38O - Licenciamento Ambiental (IF9A_CM)
engenharia ambiental;9 período;TC39A - Trabalho De Conclusão De Curso I (IF9A_CM)
engenharia ambiental;9 período;EA39C - GERENCIAMENTO E TRATAMENTO DE EFLUENTES (IF9A_CM)
engenharia ambiental;9 período;EA39A - ÉTICA, PROFISSÃO E CIDADANIA (IF9A_CM)
engenharia ambiental;9 período;EA39B - BIOPROCESSOS E BIOTECNOLOGIA APLICADA (IF9A_CM)
engenharia civil;1 período;IE3X1 - INTRODUÇÃO A ENGENHARIA (ID1A_CM)
engenharia civil;1 período;EG3X1 - EXPRESSÃO GRAFICA (ID1B_CM)
engenharia civil;1 período;EG3X1 - EXPRESSÃO GRAFICA (ID1A_CM)
engenharia civil;1 período;FS3X1 - FISICA 1 (ID1B_CM)
engenharia civil;1 período;FS3X1 - FISICA 1 (ID1A_CM)
engenharia civil;1 período;GA3X1 - GEOMETRIA ANALÍTICA E ÁLGEBRA LINEAR (ID1A_CM)
engenharia civil;1 período;CV31A - COMUNICAÇÃO LINGUISTICA (ID1A_CM)
engenharia civil;1 período;CD3X1 - CALCULO DIFERENCIAL E INTEGRAL 1 (ID1A_CM)
engenharia civil;2 período;AT31A - Atividades Complementares (ID2A_CM)
engenharia civil;2 período;CV32C - PROJETO DE EDIFICIOS (ID2B_CM)
engenharia civil;2 período;CV32C - PROJETO DE EDIFICIOS (ID2A_CM)
engenharia civil;2 período;CV32B - CIENCIA DOS MATERIAIS PARA ENGENHARIA CIVIL (ID2B_CM)
engenharia civil;2 período;CV32B - CIENCIA DOS MATERIAIS PARA ENGENHARIA CIVIL (ID2A_CM)
engenharia civil;2 período;CV32A - FUNDAMENTOS DE PROGRAMAÇÃO (ID2A_CM)
engenharia civil;2 período;FS3XB - FISICA 2 (ID2B_CM)
engenharia civil;2 período;FS3XB - FISICA 2 (ID2A_CM)
engenharia civil;2 período;CD3X2 - CALCULO DIFERENCIAL E INTEGRAL 2 (ID2A_CM)
engenharia civil;2 período;PB3XB - PROBABILIDADE E ESTATISTICA (ID2A_CM)
engenharia civil;3 período;CV33A - MATERIAIS DE CONSTRUÇÃO CIVIL A (ID3B_CM)
engenharia civil;3 período;CV33A - MATERIAIS DE CONSTRUÇÃO CIVIL A (ID3A_CM)
engenharia civil;3 período;CV33B - TOPOGRAFIA (ID3A_CM)
engenharia civil;3 período;MP3X1 - METODOLOGIA DE PESQUISA (ID3A_CM)
engenharia civil;3 período;MG3XB - MECANICA GERAL 1 (ID3A_CM)
engenharia civil;3 período;ED3XB - EQUAÇOES DIFERENCIAIS ORDINARIAS (ID3A_CM)
engenharia civil;3 período;CD3X3 - CALCULO DIFERENCIAL E INTEGRAL 3 (ID3A_CM)
engenharia civil;3 período;FS3X3 - FISICA 3 (ID3B_CM)
engenharia civil;3 período;FS3X3 - FISICA 3 (ID3A_CM)
engenharia civil;4 período;CV35F - Projeto Geometrico De Estradas (ID4A_CM)
engenharia civil;4 período;CV34F - TRANSPORTES (ID4A_CM)
engenharia civil;4 período;CV34C - RESISTÊNCIA DOS MATERIAIS 1 (ID4A_CM)
engenharia civil;4 período;CV34E - MATERIAIS DE CONSTRUÇÃO CIVIL B (ID4B_CM)
engenharia civil;4 período;CV34E - MATERIAIS DE CONSTRUÇÃO CIVIL B (ID4A_CM)
engenharia civil;4 período;CA3XA - CIENCIAS DO AMBIENTE (ID4A_CM)
engenharia civil;4 período;CV34D - GEOLOGIA APLICADA A ENGENHARIA (ID4A_CM)
engenharia civil;4 período;MG3XD - MECANICA GERAL 2 (ID4A_CM)
engenharia civil;4 período;CN3XB - CALCULO NUMERICO (ID4A_CM)
engenharia civil;5 período;CV35D - TEORIA DAS ESTRUTURAS 1 (ID5A_CM)
engenharia civil;5 período;CV35E - TECNOLOGIA DA CONSTRUÇÃO CIVIL 1 (ID5A_CM)
engenharia civil;5 período;CV35C - RESISTENCIA DOS MATERIAIS 2 (ID5A_CM)
engenharia civil;5 período;CV35F - PROJETO GEOMETRICO DE ESTRADAS (ID5A_CM)
engenharia civil;5 período;CV35B - MECANICA DOS SOLOS (ID5A_CM)
engenharia civil;5 período;CV35A - MECANICA DOS FLUIDOS E TRANSFERENCIA DE CALOR E MASSA (ID5B_CM)
engenharia civil;5 período;CV35A - MECANICA DOS FLUIDOS E TRANSFERENCIA DE CALOR E MASSA (ID5A_CM)
engenharia civil;6 período;CV36E - TEORIA DAS ESTRUTURAS 2 (ID6A_CM)
engenharia civil;6 período;CV36F - TECNOLOGIA DA CONSTRUÇÃO CIVIL 2 (ID6A_CM)
engenharia civil;6 período;CV36H - PROJETO DE PAVIMENTAÇÃO (ID6A_CM)
engenharia civil;6 período;CV36G - LOGÍSTICA E GERÊNCIA DE MATERIAIS (ID6A_CM)
engenharia civil;6 período;CV36A - INSTALAÇÕES ELETRICAS PREDIAIS (ID6A_CM)
engenharia civil;6 período;CV36D - FUNDAÇÕES (ID6A_CM)
engenharia civil;6 período;CV36B - ADMINISTRAÇÃO (ID6A_CM)
engenharia civil;6 período;CV36C - HIDRAULICA (ID6A_CM)
engenharia civil;7 período;CV37E - QUALIDADE NA CONSTRUÇÃO CIVIL (ID7A_CM)
engenharia civil;7 período;CV37B - INSTALAÇÕES HIDROSSANITÁRIAS PREDIAIS (ID7B_CM)
engenharia civil;7 período;CV37B - INSTALAÇÕES HIDROSSANITÁRIAS PREDIAIS (ID7A_CM)
engenharia civil;7 período;ST3XA - FUNDAMENTOS DE ENGENHARIA DE SEGURANÇA DO TRABALHO (ID7A_CM)
engenharia civil;7 período;CV37D - CONSTRUÇÕES EM MADEIRA (ID7A_CM)
engenharia civil;7 período;CV37C - CONCRETO ARMADO1 (ID7A_CM)
engenharia civil;7 período;CV37A - SANEAMENTO (ID7A_CM)
engenharia civil;7 período;HA3XA - HIDROLOGIA APLICADA (ID7A_CM)
engenharia civil;7 período;EC3XA - ECONOMIA (ID7A_CM)
engenharia civil;8 período;CV38B - Sistemas Hidraulicos Urbanos (ID8B_CM)
engenharia civil;8 período;CV38A - GESTAO AMBIENTAL (ID8A_CM)
engenharia civil;8 período;CV38E - CONSTRUÇÕES METÁLICAS (ID8A_CM)
engenharia civil;8 período;CV38D - CONCRETO ARMADO 2 (ID8A_CM)
engenharia civil;8 período;CV38B - SISTEMAS HIDRAULICOS URBANOS (ID8A_CM)
engenharia civil;8 período;CV38C - ESPECIFICAÇÕES E ORÇAMENTOS (ID8A_CM)
engenharia civil;8 período;CV38F - ENGENHARIA ECONOMICA (ID8A_CM)
engenharia civil;9 período;TCC1 - TRABALHO DE CONCLUSÃO DE CURSO (ID9A_CM)
engenharia civil;9 período;CV39D - PATOLOGIA E RECUPERAÇÃO DAS CONSTRUÇÕES (ID9A_CM)
engenharia civil;9 período;CV39A - GESTAO DE PROJETOS DE EDIFICIOS (ID9A_CM)
engenharia civil;9 período;EP3XA - ETICA, PROFISSÃO E CIDADANIA (ID9A_CM)
engenharia civil;9 período;CV39C - ESTRUTURAS DE FUNDAÇÕES (ID9A_CM)
engenharia civil;9 período;CV39B - GERENCIAMENTO DE OBRAS (ID9A_CM)
engenharia civil;10 período;TCC2 - TRABALHO DE CONCLUSÃO DE CURSO (ID10A_CM)
engenharia de alimentos;1 período;MP3X1 - METODOLOGIA DE PESQUISA (IG1A_CM)
engenharia de alimentos;1 período;EL31H - INTRODUÇÃO À ENGENHARIA DE ALIMENTOS (IG1A_CM)
engenharia de alimentos;1 período;EL31I - FUNDAMENTOS DE QUÍMICA (IG1A_CM)
engenharia de alimentos;1 período;FS3X1 - FISICA 1 (IG1B_CM)
engenharia de alimentos;1 período;FS3X1 - FISICA 1 (IG1A_CM)
engenharia de alimentos;1 período;GA3X1 - GEOMETRIA ANALÍTICA E ÁLGEBRA LINEAR (IG1A_CM)
engenharia de alimentos;1 período;CD3X1 - CALCULO DIFERENCIAL E INTEGRAL 1 (IG1A_CM)
engenharia de alimentos;2 período;EL32L - QUÍMICA ORGÂNICA (IG2A_CM)
engenharia de alimentos;2 período;EL32K - QUÍMICA EXPERIMENTAL (IG2B_CM)
engenharia de alimentos;2 período;EL32K - QUÍMICA EXPERIMENTAL (IG2A_CM)
engenharia de alimentos;2 período;EL32J - FÍSICO-QUIMICA (IG2A_CM)
engenharia de alimentos;2 período;FS3XB - FISICA 2 (IG2B_CM)
engenharia de alimentos;2 período;FS3XB - FISICA 2 (IG2A_CM)
engenharia de alimentos;2 período;ED3XA - EQUAÇÕES DIFERENCIAIS E ORDINÁRIAS (IG2A_CM)
engenharia de alimentos;2 período;CD3X2 - CALCULO DIFERENCIAL E INTEGRAL 2 (IG2A_CM)
engenharia de alimentos;2 período;PB3XB - PROBABILIDADE E ESTATISTICA (IG2A_CM) - Eng. de Alimentos
engenharia de alimentos;3 período;EL33M - QUÍMICA ANALÍTICA QUANTITATIVA (IG3B_CM)
engenharia de alimentos;3 período;EL33M - QUÍMICA ANALÍTICA QUANTITATIVA (IG3A_CM)
engenharia de alimentos;3 período;EL33N - DESENHO TÉCNICO (IG3A_CM)
engenharia de alimentos;3 período;EL33L - CINÉTICA APLICADA (IG3B_CM)
engenharia de alimentos;3 período;EL33L - CINÉTICA APLICADA (IG3A_CM)
engenharia de alimentos;3 período;EL33K - BIOQUÍMICA GERAL (IG3B_CM)
engenharia de alimentos;3 período;EL33K - BIOQUÍMICA GERAL (IG3A_CM)
engenharia de alimentos;3 período;MG3XA - MECANICA GERAL 1 (IG3A_CM)
engenharia de alimentos;3 período;CD3X3 - CALCULO DIFERENCIAL E INTEGRAL 3 (IG3A_CM)
engenharia de alimentos;3 período;FS3X3 - FISICA 3 (IG3B_CM)
engenharia de alimentos;3 período;FS3X3 - FISICA 3 (IG3A_CM)
engenharia de alimentos;4 período;EL34L - Microbiologia Geral (IG4B_CM)
engenharia de alimentos;4 período;AT31A - Atividades Complementares (IG4A_CM)
engenharia de alimentos;4 período;EL34N - QUÍMICA DE ALIMENTOS (IG4B_CM)
engenharia de alimentos;4 período;EL34N - QUÍMICA DE ALIMENTOS (IG4A_CM)
engenharia de alimentos;4 período;EL34L - MICROBIOLOGIA GERAL (IG4A_CM)
engenharia de alimentos;4 período;EL34M - FUNDAMENTOS DE NUTRIÇÃO (IG4A_CM)
engenharia de alimentos;4 período;EL34K - FUNDAMENTOS DE ENGENHARIA DE ALIMENTOS (IG4B_CM)
engenharia de alimentos;4 período;EL34K - FUNDAMENTOS DE ENGENHARIA DE ALIMENTOS (IG4A_CM)
engenharia de alimentos;4 período;EL34J - ESTATÍSTICA APLICADA (IG4A_CM)
engenharia de alimentos;4 período;MG3XC - MECANICA GERAL 2 (IG4A_CM)
engenharia de alimentos;4 período;CN3XA - CALCULO NUMERICO (IG4A_CM)
engenharia de alimentos;5 período;EL35P - Microbiologia De Alimentos (IG5B_CM)
engenharia de alimentos;5 período;EL35N - ANÁLISE SENSORIAL (IG5B_CM)
engenharia de alimentos;5 período;EL35J - TERMODINÂMICA 1 (IG5A_CM)
engenharia de alimentos;5 período;EL35E - PRINCÍPIO DA RESISTÊNCIA DOS MATERIAIS (IG5A_CM)
engenharia de alimentos;5 período;EL35P - MICROBIOLOGIA DE ALIMENTOS (IG5A_CM)
engenharia de alimentos;5 período;EL35I - MECÂNICA DOS FLUÍDOS (IG5A_CM)
engenharia de alimentos;5 período;EL35K - MATÉRIAS-PRIMAS AGROPECUÁRIAS (IG5A_CM)
engenharia de alimentos;5 período;EL35M - GESTÃO DA PRODUÇÃO (IG5A_CM)
engenharia de alimentos;5 período;EL35N - ANÁLISE SENSORIAL (IG5A_CM)
engenharia de alimentos;5 período;EL35L - ANÁLISE DE ALIMENTOS 1 (IG5A_CM)
engenharia de alimentos;6 período;EL36H - TRANSFERÊNCIA DE CALOR (IG6A_CM)
engenharia de alimentos;6 período;EL36I - TERMODINÂMICA 2 (IG6A_CM)
engenharia de alimentos;6 período;EL36N - SEGURANÇA DO TRABALHO (IG6A_CM)
engenharia de alimentos;6 período;EL36J - OPERAÇÕES UNITÁRIAS 1 (IG6A_CM)
engenharia de alimentos;6 período;EL36M - HIGIENE E SEGURANÇA ALIMENTAR (IG6A_CM)
engenharia de alimentos;6 período;EL36K - ANÁLISE DE ALIMENTOS 2 (IG6A_CM)
engenharia de alimentos;6 período;EL36L - INSTALAÇÕES EM SISTEMAS INDUSTRIAIS (IG6A_CM)
engenharia de alimentos;7 período;EL37N - VIABILIDADE FINANCEIRA E ECONÔMICA DE PROJETOS (IG7A_CM)
engenharia de alimentos;7 período;EL37I - TRANSFERÊNCIA DE MASSA (IG7A_CM)
engenharia de alimentos;7 período;TLD37O - TECNOLOGIA DE LEITE E DERIVADOS (IG7A_CM)
engenharia de alimentos;7 período;EL37M - SISTEMAS DE QUALIDADE (IG7A_CM)
engenharia de alimentos;7 período;EL37J - OPERAÇÕES UNITÁRIAS 2 (IG7A_CM)
engenharia de alimentos;7 período;EL37L - INSTRUMENTAÇÃO INSDUSTRIAL E CONTROLE DE PROCESSOS (IG7A_CM)
engenharia de alimentos;7 período;TEA39O - TÓPICOS ESPECIAIS EM ENGENHARIA DE ALIMENTOS 1 (IG7A_CM)
engenharia de alimentos;7 período;EL37C - TECNOLOGIA DE CARNES, DERIVADOS E PESCADOS (IG7A_CM)
engenharia de alimentos;7 período;EL37D - EMBALAGENS (IG7A_CM)
engenharia de alimentos;8 período;EL38K - Pericia E Avaliação (IG8A_CM)
engenharia de alimentos;8 período;EL38H - Operações Unitárias 3 (IG8A_CM)
engenharia de alimentos;8 período;EL38M - Desenvolvimento De Novos Produtos (IG8A_CM)
engenharia de alimentos;8 período;EL38D - TRATAMENTO DE ÁGUA E EFLUENTES (IG8A_CM)
engenharia de alimentos;8 período;TFH37O - TECNOLOGIA DE FRUTAS E HORTALIÇAS (IG8A_CM)
engenharia de alimentos;8 período;EL38L - ENGENHARIA BIOQUÍMICA (IG8A_CM)
engenharia de alimentos;8 período;EL38G - TOXICOLOGIA DE ALIMENTOS (IG8A_CM)
engenharia de alimentos;8 período;EL37M - SISTEMAS DE QUALIDADE (IG8A_CM)
engenharia de alimentos;8 período;EL38I - MODELAGEM E SIMUÇÃO DE PROCESSOS (IG8A_CM)
engenharia de alimentos;8 período;EL38A - ENGENHARIA BIOQUÍMICA (IG8A_CM)
engenharia de alimentos;8 período;EL38C - DESENVOLVIMENTO DE NOVOS PRODUTOS (IG8A_CM)
engenharia de alimentos;8 período;EL37L - INSTRUMENTAÇÃO INSDUSTRIAL E CONTROLE DE PROCESSOS (IG8A_CM)
engenharia de alimentos;9 período;EL39G - Ciclos Termodinamicos E Refrigeracao (IG9A_CM)
engenharia de alimentos;9 período;EL39F - Laboratório De Fenômenos De Transporte E Operações Unitárias (IG9B_CM)
engenharia de alimentos;9 período;EL39F - Laboratório De Fenômenos De Transporte E Operações Unitárias (IG9A_CM)
engenharia de alimentos;9 período;EL39H - Tratamento De Água E Efluentes (IG9A_CM)
engenharia de alimentos;9 período;TCC1 - TRABALHO DE CONCLUSÃO DE CURSO (IG9A_CM)
engenharia de alimentos;9 período;EL39E - PLANEJAMENTO DE PROJETOS (IG9A_CM)
engenharia de alimentos;9 período;EL39D - PERÍCIA E AVALIAÇÃO (IG9A_CM)
engenharia de alimentos;9 período;EL39A - ÉTICA, PROFISSÃO E CIDADANIA (IG9A_CM)
engenharia de alimentos;10 período;TCC2 - TRABALHO DE CONCLUSÃO DE CURSO (IG10A_CM)
engenharia eletrônica;1 período;GA3X1 - Geometria Analítica E Álgebra Linear (IL1A_CM)
engenharia eletrônica;1 período;IE3X1 - INTRODUÇÃO A ENGENHARIA (IL1A_CM)
engenharia eletrônica;1 período;LT31A - FUNDAMENTOS DE PROGRAMAÇÃO 1 (IL1A_CM)
engenharia eletrônica;1 período;FS3X1 - FISICA 1 (IL1B_CM)
engenharia eletrônica;1 período;FS3X1 - FISICA 1 (IL1A_CM)
engenharia eletrônica;1 período;LT31B - DESENHO ELÉTRICO (IL1B_CM)
engenharia eletrônica;1 período;LT31B - DESENHO ELÉTRICO (IL1A_CM)
engenharia eletrônica;1 período;CL3X1 - COMUNICAÇÃO ORAL E ESCRITA (IL1A_CM)
engenharia eletrônica;1 período;GA3X1 - GEOMETRIA ANALÍTICA E ÁLGEBRA LINEAR (Prof Lilian_CM)
engenharia eletrônica;1 período;CD3X1 - CALCULO DIFERENCIAL E INTEGRAL 1 (IL1A_CM)
engenharia eletrônica;2 período;AT31A - Atividades Complementares (IL2A_CM)
engenharia eletrônica;2 período;QM3XA - QUÍMICA (IL2B_CM)
engenharia eletrônica;2 período;QM3XA - QUÍMICA (IL2A_CM)
engenharia eletrônica;2 período;MP3XA - METODOLOGIA DE PESQUISA (IL2A_CM)
engenharia eletrônica;2 período;LT32A - Fundamento de Programação 2 (IL2A_CM)
engenharia eletrônica;2 período;FS3XB - FISICA 2 (IL2B_CM)
engenharia eletrônica;2 período;FS3XB - FISICA 2 (IL2A_CM)
engenharia eletrônica;2 período;CD3X2 - CALCULO DIFERENCIAL E INTEGRAL 2 (IL2A_CM)
engenharia eletrônica;2 período;FS3X3 - FISICA 3 (IL2B_CM)
engenharia eletrônica;2 período;FS3X3 - FISICA 3 (IL2A_CM)
engenharia eletrônica;3 período;LT33A - PRINCIPIOS DE CIRCUITOS ELETRICOS (IL3B_CM)
engenharia eletrônica;3 período;LT33A - PRINCIPIOS DE CIRCUITOS ELETRICOS (IL3A_CM)
engenharia eletrônica;3 período;FS3X4 - FISICA 4 (IL3A_CM)
engenharia eletrônica;3 período;LT33B - ESTRUTURA DE DADOS1 (IL3A_CM)
engenharia eletrônica;3 período;ED3XA - EQUAÇÕES DIFERENCIAIS E ORDINÁRIAS (IL3A_CM)
engenharia eletrônica;3 período;LT33C - ELETROMAGNETISMO (IL3A_CM)
engenharia eletrônica;3 período;CD3X3 - CALCULO DIFERENCIAL E INTEGRAL 3 (IL3A_CM)
engenharia eletrônica;3 período;PB3XA - PROBABILIDADE E ESTATÍSTICA (IL3A_CM)
engenharia eletrônica;4 período;LT34B - MATERIAIS E DISPOSITIVOS (TSPO_CM)
engenharia eletrônica;4 período;LT34D - METROLOGIA ELÉTRICA (IL4A_CM)
engenharia eletrônica;4 período;LT34A - MÉTODOS DE MATEMÁTICA APLICADA (IL4A_CM)
engenharia eletrônica;4 período;MG3XA - MECANICA GERAL 1 (IL4A_CM)
engenharia eletrônica;4 período;LT34B - MATERIAIS E DISPOSITIVOS (IL4A_CM)
engenharia eletrônica;4 período;FT3XA - FENOMENOS DE TRANSPORTE 1 (IL4A_CM)
engenharia eletrônica;4 período;LT34C - CIRCUITOS ELÉTRICOS (IL4B_CM)
engenharia eletrônica;4 período;LT34C - CIRCUITOS ELÉTRICOS (IL4A_CM)
engenharia eletrônica;4 período;LT34E - ARQUITETURA E ORGANIZAÇÃO DE COMPUTADORES (IL4A_CM)
engenharia eletrônica;4 período;CN3XA - CALCULO NUMERICO (IL4A_CM)
engenharia eletrônica;5 período;LT35C - CIRCUITOS DIGITAIS (TSPO_CM)
engenharia eletrônica;5 período;LT35C - CIRCUITOS DIGITAIS (IL5B_CM)
engenharia eletrônica;5 período;LT35A - SINAIS E SISTEMAS (IL5A_CM)
engenharia eletrônica;5 período;LT35D - PRINCIPIOS DE MAQUINAS ELETRICAS (IL5A_CM)
engenharia eletrônica;5 período;MG3XC - MECANICA GERAL 2 (IL5A_CM)
engenharia eletrônica;5 período;LT35B - ELETRÔNICA BÁSICA (IL5B_CM)
engenharia eletrônica;5 período;LT35B - ELETRÔNICA BÁSICA (IL5A_CM)
engenharia eletrônica;5 período;LT35C - CIRCUITOS DIGITAIS (IL5A_CM)
engenharia eletrônica;6 período;LT36E - Eletrônica De Potência (IL6B_CM)
engenharia eletrônica;6 período;LT36F - SENSORES INDUSTRIAIS (IL6A_CM)
engenharia eletrônica;6 período;LT36A - PROCESSAMENTO DIGITAL DE SINAIS (IL6A_CM)
engenharia eletrônica;6 período;LT36D - MICROCONTROLADORES (IL6A_CM)
engenharia eletrônica;6 período;LT36E - ELETRÔNICA DE POTÊNCIA (IL6A_CM)
engenharia eletrônica;6 período;LT36B - CONTROLE 1 (IL6A_CM)
engenharia eletrônica;6 período;LT36C - AMPLIFICADORES (IL6A_CM)
engenharia eletrônica;7 período;LT37D - SISTEMAS OPERACIONAIS (IL7A_CM)
engenharia eletrônica;7 período;LT37E - PRINCÍPIOS DE ENGENHARIA BIOMÉDICA (IL7A_CM)
engenharia eletrônica;7 período;LT37A - INTRODUÇÃO A PROJETOS DE CIS DEDICADOS (IL7A_CM)
engenharia eletrônica;7 período;LT37F - GESTÃO DE PESSOAS (IL7A_CM)
engenharia eletrônica;7 período;LT37C - FUNDAMENTOS DE COMUNICAÇÕES (IL7A_CM)
engenharia eletrônica;7 período;LT37B - CONTROLE 2 (IL7A_CM)
engenharia eletrônica;8 período;TCC1 - TRABALHO DE CONCLUSÃO DE CURSO (IL8A_CM)
engenharia eletrônica;8 período;LT38C - SISTEMAS EMBARCADOS (IL8A_CM)
engenharia eletrônica;8 período;LT38A - PROJETO DE CIRCUITOS INTEGRADOS SEMIDEDICADOS (IL8A_CM)
engenharia eletrônica;8 período;LT38B - CONTROLE SUPERVISÓRIO (IL8A_CM)
engenharia eletrônica;8 período;CA3XB - CIENCIAS AMBIENTAIS (IL8A_CM)
engenharia eletrônica;9 período;LT39A - PROJETO DE SISTEMAS INTEGRADOS (IL9B_CM)
engenharia eletrônica;9 período;LT39A - PROJETO DE SISTEMAS INTEGRADOS (IL9A_CM)
engenharia eletrônica;9 período;LT39B - ENGENHARIA DO PRODUTO (IL9A_CM)
engenharia eletrônica;9 período;LT39C - EMPREENDEDORISMO (IL9A_CM)
engenharia eletrônica;10 período;LT30A - Viabilidade Economica E Financeira De Projetos (IL10A_CM)
engenharia eletrônica;10 período;LT30A - VIABILIDADE ECONOMICA E FINANCEIRA DE PROJETOS (IL10_CM)
engenharia química;1 período;EQ31A - Introdução À Engenharia Química (IQ1A_CM)
engenharia química;1 período;EL31I - Fundamentos De Química (IQ1A_CM)
engenharia química;1 período;FS3X1 - Fisica 1 (IQ1B_CM)
engenharia química;1 período;FS3X1 - Fisica 1 (IQ1A_CM)
engenharia química;1 período;MP3X1 - Metodologia De Pesquisa (IQ1A_CM)
engenharia química;1 período;CD3X1 - Calculo Diferencial E Integral 1 (IQ1A_CM)
engenharia química;1 período;GA3X1 - Geometria Analítica E Álgebra Linear (IQ1A_CM)
engenharia química;2 período;FS3XB - Fisica 2 (IQ2A_CM)
engenharia química;2 período;FS3XB - Fisica 2 (IQ2B_CM)
engenharia química;2 período;CD3X2 - Calculo Diferencial E Integral 2 (IQ2A_CM)
engenharia química;2 período;EL32L - Química Orgânica (IQ2A_CM)
engenharia química;2 período;EL32J - Físico-Quimica (IQ2A_CM)
engenharia química;2 período;PB3XB - Probabilidade E Estatistica (IQ2A_CM) - Eng. Química
engenharia química;2 período;EL32K - Química Experimental (IQ2B_CM)
engenharia química;2 período;EL32K - Química Experimental (IQ2A_CM)
engenharia química;2 período;ED3XA - Equações Diferenciais E Ordinárias (IQ2A_CM)
engenharia química;3 período;MG3XA - Mecanica Geral 1 (IQ3A_CM)
engenharia química;3 período;FS3X3 - Fisica 3 (IQ3B_CM)
engenharia química;3 período;FS3X3 - Fisica 3 (IQ3A_CM)
engenharia química;3 período;EQ33C - Química Orgânica Experimental (IQ3A_CM)
engenharia química;3 período;EQ33B - Fundamentos Dos Cálculos Em Engenharia (IQ3A_CM)
engenharia química;3 período;EL33N - Desenho Técnico (IQ3A_CM)
engenharia química;3 período;EL33M - Química Analítica Quantitativa (IQ3A_CM)
engenharia química;3 período;EL31I - Fundamentos De Química (IQ3A_CM)
licenciatura em química;1 período;LQM31G - Metodologia Da Pesquisa (NQ1A_CM)
licenciatura em química;1 período;LQM31C - Química Geral Teórica (NQ1A_CM)
licenciatura em química;1 período;LQM31E - Química E O Mundo Do Trabalho (NQ1A_CM)
licenciatura em química;1 período;LQM31D - Química Geral Experimental (NQ1B_CM)
licenciatura em química;1 período;LQM31F - História Da Educação (NQ1A_CM)
licenciatura em química;1 período;LQM31B - Comunicação E Linguística (NQ1A_CM)
licenciatura em química;1 período;LQM31A - Tópicos De Matemática 1 (NQ1A_CM)
licenciatura em química;1 período;LQM31D - Química Geral Experimental (NQ1A_CM)
licenciatura em química;1 período;LQ31E - SEGURANÇA QUIMICA (NQ1B_CM)
licenciatura em química;1 período;LQ31E - SEGURANÇA QUIMICA (NQ1A_CM)
licenciatura em química;1 período;LQ31C - QUIMICA GERAL (NQ1B_CM)
licenciatura em química;1 período;LQ31C - QUIMICA GERAL (NQ1A_CM)
licenciatura em química;1 período;LQ31D - A QUIMICA E O MUNDO DE TRABALHO (NQ1A_CM)
licenciatura em química;1 período;LQ31G - METODOLOGIA DA PESQUISA EM EDUCAÇAO (NQ1A_CM)
licenciatura em química;1 período;LQ31B - GEOMETRIA ANALITICA E ALGEBRA LINEAR (NQ1A_CM)
licenciatura em química;1 período;LQ31F - COMUNICAÇAO LINGUISTICA (NQ1A_CM)
licenciatura em química;1 período;LQ31A - CALCULO DIFERENCIAL E INTEGRAL 1 (NQ1A_CM)
licenciatura em química;2 período;LQM32C - Química Analítica 1 (NQ2B_CM)
licenciatura em química;2 período;LQM32A - Tópicos De Matemática 2 (NQ2A_CM)
licenciatura em química;2 período;LQM32C - Química Analítica 1 (NQ2A_CM)
licenciatura em química;2 período;LQM32F - Políticas Públicas Educacionais (NQ2A_CM)
licenciatura em química;2 período;LQM32B - Geoquímica (NQ2B_CM)
licenciatura em química;2 período;LQM32B - Geoquímica (NQ2A_CM)
licenciatura em química;2 período;LQM32B - Geoquímica (NQ2C_CM)
licenciatura em química;2 período;LQ31A - Calculo Diferencial E Integral 1 (NQ2A_CM)
licenciatura em química;2 período;LQM32B - Geoquímica (NQ2D_CM)
licenciatura em química;2 período;LQM32D - Fundamentos De Química Inorgânica (NQ2A_CM)
licenciatura em química;2 período;LQM32E - Introdução A História, Filosofia E Sociologia Das Ciências (NQ2A_CM)
licenciatura em química;2 período;LQ32E - Historia Da Educaçao (NQ2A_CM)
licenciatura em química;2 período;LQ32H - Atividades Complementares (NQ2A_CM)
licenciatura em química;2 período;LQ32C - QUIMICA INORGANICA 1 (NQ2B_CM)
licenciatura em química;2 período;LQ32C - QUIMICA INORGANICA 1 (NQ2A_CM)
licenciatura em química;2 período;LQ32D - QUIMICA ANALITICA 1 (NQ2A_CM)
licenciatura em química;2 período;LQ32E - HISTORIA DA EDUCAÇAO (NQ2A)
licenciatura em química;2 período;LQ32G - FILOSOFIA GERAL (NQ2A_CM)
licenciatura em química;2 período;LQ32A - CALCULO DIFERENCIAL E INTEGRAL 2 (NQ2A_CM)
licenciatura em química;2 período;LQ32F - LIBRAS 1 (NQ2A_CM)
licenciatura em química;3 período;LQM33C - Termodinâmica E Equilíbrio (NQ3A_CM)
licenciatura em química;3 período;LQM33G - Projeto Integrador: Química E Sociedade (NQ3B_CM)
licenciatura em química;3 período;LQM33G - Projeto Integrador: Química E Sociedade (NQ3D_CM)
licenciatura em química;3 período;LQM33F - Psicologia Da Educação (NQ3A_CM)
licenciatura em química;3 período;LQM33G - Projeto Integrador: Química E Sociedade (NQ3A_CM)
licenciatura em química;3 período;LQM33G - Projeto Integrador: Química E Sociedade (NQ3C_CM)
licenciatura em química;3 período;LQM33A - Tópicos De Matemática 3 (NQ3A_CM)
licenciatura em química;3 período;LQM33B - Probabilidade E Estatística (NQ3A_CM)
licenciatura em química;3 período;LQM33D - Química Orgânica Teórica 1 (NQ3A_CM)
licenciatura em química;3 período;LQM33E - Ensino De Química E Sociedade (NQ3A_CM)
licenciatura em química;3 período;LQ33E - Psicologia Da Educaçao (NQ3A_CM)
licenciatura em química;3 período;LQ33B - FISICA 2 (NQ3B_CM)
licenciatura em química;3 período;LQ33E - PSICOLOGIA DA EDUCAÇAO (NQ3A)
licenciatura em química;3 período;LQ33A - FISICO-QUIMICA 1 (NQ3A_CM)
licenciatura em química;3 período;LQ33C - QUIMICA ORGANICA 1 (NQ3B_CM)
licenciatura em química;3 período;LQ33C - QUIMICA ORGANICA 1 (NQ3A_CM)
licenciatura em química;3 período;LQ33A - FISICO-QUIMICA 1 (NQ3B_CM)
licenciatura em química;3 período;LQ33B - FISICA 2 (NQ3A_CM)
licenciatura em química;3 período;LQ33D - PROBABILIDADE E ESTATISTICA (NQ3A_CM)
licenciatura em química;3 período;LQ33F - LIBRAS 2 (NQ3A_CM)
licenciatura em química;4 período;LQM34D - Físico-Química De Superfícies E Soluções (NQ4A_CM)
licenciatura em química;4 período;LQM34B - Química Ambiental Básica (NQ4A_CM)
licenciatura em química;4 período;LQM34C - Química Analítica 2 (NQ4A_CM)
licenciatura em química;4 período;LQM34G - Didática Geral (NQ4A_CM)
licenciatura em química;4 período;LQM34E - Química Orgânica Teórica 2 (NQ4A_CM)
licenciatura em química;4 período;LQM35D - Química Orgânica Experimental (NQ4A_CM)
licenciatura em química;4 período;LQM34F - Educação Especial E Inclusão Escolar (NQ4A_CM)
licenciatura em química;4 período;LQM34A - Tópicos De Física 1 (NQ4A_CM)
licenciatura em química;4 período;LQ34C - Quimica Organica 2 (NQ4A_CM)
licenciatura em química;4 período;LQ34F - Politicas Educacionais (NQ4A_CM)
licenciatura em química;4 período;LQ34E - Didatica (NQ4A_CM)
licenciatura em química;4 período;LQ34B - FISICA 3 (NQ4B_CM)
licenciatura em química;4 período;LQ34D - QUIMICA ANALITICA 2 (NQ4A_CM)
licenciatura em química;4 período;LQ34E - DIDATICA (NQ4A)
licenciatura em química;4 período;LQ34C - QUIMICA ORGANICA 2 (NQ4A)
licenciatura em química;4 período;LQ34A - FISICO-QUIMICA 2 (NQ4A_CM)
licenciatura em química;4 período;LQ34F - POLITICAS EDUCACIONAIS (NQ4A)
licenciatura em química;4 período;LQ34B - FISICA 3 (NQ4A_CM)
licenciatura em química;5 período;LQM35D - Química Orgânica Experimental (NQ5A_CM)
licenciatura em química;5 período;LQM35C - Cinética Química (NQ5A_CM)
licenciatura em química;5 período;LQM35E - Organização E Gestão Escolar (NQ5A_CM)
licenciatura em química;5 período;LQM35A - Tópicos De Física 2 (NQ5A_CM)
licenciatura em química;5 período;LQM35F - Teorias Do Currículo, Diversidade E Cultura (NQ5A_CM)
licenciatura em química;5 período;LQM35B - Química De Coordenação (NQ5A_CM)
licenciatura em química;5 período;LQM35G - Estágio Curricular Supervisionado 1 (NQ5A_CM)
licenciatura em química;5 período;LQ35E - Organizaçao E Gestao Escolar (NQ5A_CM)
licenciatura em química;5 período;LQ35C - QUIMICA INORGANICA 2 (NQ5A_CM)
licenciatura em química;5 período;LQ35E - ORGANIZAÇAO E GESTAO ESCOLAR (NQ5A)
licenciatura em química;5 período;LQ35F - METODOLOGIA E PRATICA DE ENSINO DE QUIMICA 1 (NQ5A_CM)
licenciatura em química;5 período;LQ35G - ESTAGIO SUPERVISIONADO 1 (NQ5A_CM)
licenciatura em química;5 período;LQ35A - FISICO-QUIMICA 3 (NQ5A_CM)
licenciatura em química;5 período;LQ35B - METODOS INSTRUMENTAIS DE ANALISE (NQ5A_CM)
licenciatura em química;6 período;LQM36C - Eletroquímica (NQ6A_CM)
licenciatura em química;6 período;LQM36F - Trabalho De Conclusão De Curso 1 (NQ6A_CM)
licenciatura em química;6 período;LQM36A - Métodos Instrumentais De Análise (NQ6A_CM)
licenciatura em química;6 período;LQM36D - Instrumentação Para O Ensino De Química 1 (NQ6A_CM)
licenciatura em química;6 período;LQM36E - Estágio Curricular Supervisionado 2 (NQ6A_CM)
licenciatura em química;6 período;LQM36B - Métodos Físicos Em Análise Orgânica (NQ6A_CM)
licenciatura em química;6 período;LQ36F - METODOLOGIA E PRATICA DE ENSINO DE QUIMICA 2 (NQ6A_CM)
licenciatura em química;6 período;LQ36E - FUNDAMENTOS DE CONTROLE DE QUALIDADE (NQ6A_CM)
licenciatura em química;6 período;LQ36G - ESTAGIO SUPERVISIONADO 2 (NQ6A_CM)
licenciatura em química;6 período;LQ36C - BIOQUIMICA (NQ6A_CM)
licenciatura em química;6 período;LQ36D - MINERALOGIA (NQ6A_CM)
licenciatura em química;6 período;LQ36B - METODOS CROMATOGRAFICOS (NQ6A_CM)
licenciatura em química;6 período;LQ36A - ESTRATEGIA EM EDUCAÇAO AMBIENTAL (NQ6A_CM)
licenciatura em química;7 período;LQM37C - Métodos Cromatográficos (NQ7A_CM)
licenciatura em química;7 período;LQM37A - Fundamentos De Controle De Qualidade (NQ7A_CM)
licenciatura em química;7 período;LQM37E - Instrumentação Para O Ensino De Química 2 (NQ7A_CM)
licenciatura em química;7 período;LQM37F - Estágio Curricular Supervisionado 3 (NQ7A_CM)
licenciatura em química;7 período;LQM37B - Bioquímica (NQ7A_CM)
licenciatura em química;7 período;QIO37O - QUIMICA INDUSTRIAL (NQ7A_CM)
licenciatura em química;7 período;LQ37E - TRABALHO DE CONCLUSAO DE CURSO 1 (NQ7A_CM)
licenciatura em química;7 período;LQ37B - QUIMICA ORGANICA E EXPERIMENTAL (NQ7A_CM)
licenciatura em química;7 período;LQ37F - METODOLOGIA E PRATICA DE ENSINO DE QUIMICA 3 (NQ7A_CM)
licenciatura em química;7 período;LQ37G - ESTAGIO SUPERVISIONADO 3 (NQ7A_CM)
licenciatura em química;7 período;LQ37A - FISICO-QUIMICA 4 (NQ7A_CM)
licenciatura em química;8 período;LQM38A - Química Do Estado Sólido (NQ8A_CM)
licenciatura em química;8 período;LQM38D - Estágio Curricular Supervisionado 4 (NQ8A_CM)
licenciatura em química;8 período;LQM38B - Microbiologia (NQ8A_CM)
licenciatura em química;8 período;LQ38A - MICROBIOLOGIA (NQ8A_CM)
licenciatura em química;8 período;LQ38F - METODOLOGIA E PRATICA DE ENSINO DE QUIMICA 4 (NQ8A_CM)
licenciatura em química;8 período;LQ38G - ESTAGIO SUPERVISIONADO 4 (NQ8A_CM)
